{"cameraMode":{"drawMode":0,"name":"Shaded","section":"Shading Mode"},"sceneLighting":true,"audioPlay":false,"sceneViewState":{"showFog":true,"showMaterialUpdate":false,"showSkybox":true,"showFlares":true,"showImageEffects":true,"showParticleSystems":true},"in2DMode":false,"pivot":{"x":-7.0677947998046879,"y":-5.679134368896484,"z":4.679767608642578},"rotation":{"x":0.18240341544151307,"y":-0.5920852422714233,"z":0.13981829583644868,"w":0.7724157571792603},"size":32.40423583984375,"orthographic":false}